Manufacturer,Projectile,Measurement
Berger,230 OTM,94
Berger,230 OTM,86
Berger,230 OTM,90
Berger,230 OTM,92
Berger,230 OTM,84
Berger,230 OTM,86
Berger,230 OTM,94
Berger,230 OTM,86
Berger,230 OTM,90
Berger,230 OTM,88
Berger,230 OTM,84
Berger,230 OTM,84
Berger,230 OTM,82
Berger,230 OTM,94
Berger,230 OTM,90
Berger,230 OTM,90
Berger,230 OTM,86
Berger,230 OTM,82
Berger,230 OTM,92
Berger,230 OTM,92
Berger,230 OTM,90
Berger,230 OTM,92
Berger,230 OTM,90
Berger,230 OTM,92
Berger,230 OTM,90
Berger,230 OTM,94
Berger,230 OTM,82
Berger,230 OTM,88
Berger,230 OTM,86
Berger,230 OTM,88
Berger,230 OTM,94
Berger,230 OTM,86
Berger,230 OTM,88
Berger,230 OTM,86
Berger,230 OTM,92
Berger,230 OTM,92
Berger,230 OTM,92
Berger,230 OTM,92
Berger,230 OTM,92
Berger,230 OTM,88
Berger,230 OTM,94
Berger,230 OTM,90
Berger,230 OTM,92
Berger,230 OTM,88
Berger,230 OTM,92
Berger,230 OTM,86
Berger,230 OTM,92
Berger,230 OTM,90
Berger,230 OTM,88
Berger,230 OTM,94
Berger,230 OTM,92
Berger,230 OTM,82
Berger,230 OTM,94
Berger,230 OTM,76
Berger,230 OTM,98
Berger,230 OTM,94
Berger,230 OTM,84
Berger,230 OTM,90
Berger,230 OTM,88
Berger,230 OTM,88
Berger,230 OTM,92
Berger,230 OTM,94
Berger,230 OTM,96
Berger,230 OTM,94
Berger,230 OTM,92
Berger,230 OTM,88
Berger,230 OTM,90
Berger,230 OTM,84
Berger,230 OTM,86
Berger,230 OTM,88
Berger,230 OTM,92
Berger,230 OTM,96
Berger,230 OTM,0
Berger,230 OTM,86
Berger,230 OTM,98
Berger,230 OTM,96
Berger,230 OTM,90
Berger,230 OTM,92
Berger,230 OTM,88
Berger,230 OTM,90
Berger,230 OTM,92
Berger,230 OTM,98
Berger,230 OTM,90
Berger,230 OTM,88
Berger,230 OTM,96
Berger,230 OTM,92
Berger,230 OTM,88
Berger,230 OTM,0
Berger,230 OTM,92
Berger,230 OTM,92
Berger,230 OTM,92
Berger,230 OTM,92
Berger,230 OTM,0
Berger,230 OTM,86
Berger,230 OTM,86
Berger,230 OTM,90
Berger,230 OTM,0
Berger,230 OTM,92
Berger,230 OTM,90
Berger,230 OTM,88
Hornady,230 A-Tip,78
Hornady,230 A-Tip,82
Hornady,230 A-Tip,76
Hornady,230 A-Tip,78
Hornady,230 A-Tip,84
Hornady,230 A-Tip,82
Hornady,230 A-Tip,82
Hornady,230 A-Tip,88
Hornady,230 A-Tip,82
Hornady,230 A-Tip,82
Hornady,230 A-Tip,88
Hornady,230 A-Tip,20
Hornady,230 A-Tip,88
Hornady,230 A-Tip,74
Hornady,230 A-Tip,86
Hornady,230 A-Tip,88
Hornady,230 A-Tip,80
Hornady,230 A-Tip,88
Hornady,230 A-Tip,84
Hornady,230 A-Tip,78
Hornady,230 A-Tip,74
Hornady,230 A-Tip,80
Hornady,230 A-Tip,12
Hornady,230 A-Tip,84
Hornady,230 A-Tip,78
Hornady,230 A-Tip,86
Hornady,230 A-Tip,84
Hornady,230 A-Tip,82
Hornady,230 A-Tip,82
Hornady,230 A-Tip,82
Hornady,230 A-Tip,84
Hornady,230 A-Tip,84
Hornady,230 A-Tip,80
Hornady,230 A-Tip,78
Hornady,230 A-Tip,84
Hornady,230 A-Tip,84
Hornady,230 A-Tip,82
Hornady,230 A-Tip,86
Hornady,230 A-Tip,86
Hornady,230 A-Tip,90
Hornady,230 A-Tip,90
Hornady,230 A-Tip,82
Hornady,230 A-Tip,82
Hornady,230 A-Tip,80
Hornady,230 A-Tip,78
Hornady,230 A-Tip,82
Hornady,230 A-Tip,0
Hornady,230 A-Tip,84
Hornady,230 A-Tip,94
Hornady,230 A-Tip,88
Hornady,230 A-Tip,88
Hornady,230 A-Tip,80
Hornady,230 A-Tip,82
Hornady,230 A-Tip,82
Hornady,230 A-Tip,88
Hornady,230 A-Tip,94
Hornady,230 A-Tip,10
Hornady,230 A-Tip,86
Hornady,230 A-Tip,82
Hornady,230 A-Tip,80
Hornady,230 A-Tip,90
Hornady,230 A-Tip,78
Hornady,230 A-Tip,82
Hornady,230 A-Tip,82
Hornady,230 A-Tip,86
Hornady,230 A-Tip,76
Hornady,230 A-Tip,80
Hornady,230 A-Tip,82
Hornady,230 A-Tip,10
Hornady,230 A-Tip,86
Hornady,230 A-Tip,86
Hornady,230 A-Tip,16
Hornady,230 A-Tip,88
Hornady,230 A-Tip,80
Hornady,230 A-Tip,84
Hornady,230 A-Tip,76
Hornady,230 A-Tip,86
Hornady,230 A-Tip,82
Hornady,230 A-Tip,86
Hornady,230 A-Tip,2
Hornady,230 A-Tip,78
Hornady,230 A-Tip,76
Hornady,230 A-Tip,86
Hornady,230 A-Tip,80
Hornady,230 A-Tip,82
Hornady,230 A-Tip,78
Hornady,230 A-Tip,82
Hornady,230 A-Tip,2
Hornady,230 A-Tip,80
Hornady,230 A-Tip,82
Hornady,230 A-Tip,80
Hornady,230 A-Tip,82
Hornady,230 A-Tip,82
Hornady,230 A-Tip,84
Hornady,230 A-Tip,74
Hornady,230 A-Tip,84
Hornady,230 A-Tip,92
Hornady,230 A-Tip,78
Hornady,230 A-Tip,80
Hornady,230 A-Tip,80